,RESPONDA ABAIXO!
Vamos lá! Começando por você,
Qual sua data de aniversário?,25/06
"Atualmente, qual sua posição na empresa?",Sócia-Proprietaria
O que te fez escolher a V4 Company? Quais as suas expectativas com o projeto?,"Por ser uma empresa referencia e toda experiencia de mercado.Expectativa de crescimento das vendas no app proprio e buffet de eventos.Basicamente estruturação comercial, crescimento de vendas, expansão... fortalecimento da marca para futura comercialização de franquia."
Mais alguém irá fazer parte do dia a dia do projeto? Deixe nome e função,Nayra (supervisora administrativa) e minha sócia Lis
Sobre a sua empresa,
Onde a empresa foi criada?,"Salvador -BA. Tudo começou dentro de casa. Em 2021, no meio de uma das fases mais difíceis que já vivemos, nossa história começou dentro da cozinha de casa (pequena, improvisada, mas cheia de coragem, amor e vontade de vencer).Naquele momento, minha mãe estava passando por uma grande dificuldade financeira. Ela havia precisado fechar sua pousada por causa da pandemia, e as contas básicas começaram a pesar. Eu sou empregada pública e, naquela época, tomei a decisão de entregar meu apartamento alugado para ir morar com ela. Queria ajudar nas despesas da casa, e ao mesmo tempo ela poderia me ajudar com minha filha pequena. Estávamos tentando nos reorganizar como família, buscando uma forma de seguir em frente em meio a tanta incerteza.Passei dias pensando em como poderia ajudá-la a voltar a ganhar seu próprio dinheiro. Até que, em um almoço de domingo, veio o estalo. Lembro exatamente do momento em que disse: “Mãe, a sua feijoada é a melhor do mundo. Eu nunca comi uma feijoada mais gostosa. Por que a gente não tenta vender?”
Ela me respondeu com a dúvida de quem precisava acreditar de novo: “Mas onde? Como?”Começamos do jeito que dava. Tentamos vender na porta de casa, para amigos, conhecidos e pelas redes sociais. Divulgamos, nos esforçamos, mas no começo vendíamos muito pouco. Foi então que eu fui estudar. Entendi que a internet poderia abrir portas que a nossa rua não conseguia abrir sozinha. Pesquisei sobre vendas no iFood e em plataformas digitais, abrimos nosso MEI e começamos a trabalhar de verdade na cozinha de casa.E foi aí que tudo começou a mudar.Desde o primeiro dia em que entramos no iFood, tivemos pedidos. E, a cada semana, eles aumentavam mais. Nós não tínhamos cozinha profissional, não tínhamos estrutura, não tínhamos dinheiro sobrando. Mas tínhamos trabalho, persistência e um produto feito com verdade. O iFood nos deu visibilidade, acesso a clientes e a chance real de transformar uma ideia simples em negócio.Nossa cozinha era totalmente improvisada. Não tínhamos fogão industrial. Nosso primeiro fogão era um semi-industrial portátil, sustentado por tijolos para aguentar a panela grande da feijoada. Era tudo muito simples, mas carregado de dignidade, esforço e esperança. A cada venda, a cada avaliação, a cada comentário dos clientes, percebíamos que precisávamos melhorar, profissionalizar, criar marca, cuidar da embalagem, da operação, do atendimento e do relacionamento com o cliente.Foi assim que começamos: fazendo muito com quase nada.Com o dinheiro das vendas, reinvestíamos tudo. O próprio iFood acreditou no nosso negócio e nos ajudou a crescer por meio de empréstimos progressivos. Com isso, conseguimos estruturar nossa cozinha, investir em embalagens melhores, logística, equipamentos e profissionalização. O que era improviso começou a virar empresa. O que era sobrevivência começou a virar futuro.Hoje, nossa realidade é outra.Temos 7 lojas distribuídas estrategicamente em Salvador, atuamos com delivery e também com buffet de eventos de feijoada carioca. Nosso foco é entrega rápida, qualidade do produto e excelência no atendimento ao cliente. Atualmente, contamos com 20 funcionários e seguimos crescendo.Mais do que números, o iFood mudou a vida da minha mãe, a minha vida e a vida de toda a nossa família. Hoje, quase toda a família trabalha na empresa. Conseguimos reformar nossa casa, comprar carros e também ajudar outros familiares que precisavam de uma oportunidade. O que nasceu para pagar contas básicas virou uma fonte de transformação para muitas pessoas ao nosso redor.Somos uma empresa familiar. Minha mãe continua sendo a alma da cozinha, responsável pela comida e pelo sabor que conquistou nossos clientes. Eu cuido da parte gerencial. Como sou engenheira de produção, desde o início estruturei o negócio por processos e assumi a gestão dos setores: produção, operação, vendas, estoque, compras, marketing, recursos humanos, finanças e tudo o que fosse necessário para fazer a empresa crescer com organização e visão de futuro.Hoje, nosso maior objetivo é ser a maior referência em feijoada delivery e buffet de eventos, com um modelo de negócio de baixo custo e grande escala, que no futuro possa até ser formatado para franquia. Nossa produção está em Salvador, Bahia, e queremos continuar crescendo para atender com rapidez e eficiência os principais bairros da cidade. E, quem sabe, no futuro, levar nossa feijoada para outras capitais do Brasil e até do mundo.Quando olhamos para trás, vemos que não foi sorte. Foi coragem, trabalho, união familiar e oportunidade. O iFood entrou na nossa história como ponte entre um momento de dificuldade e uma nova vida. Ele nos ajudou a transformar talento em renda, comida em negócio e sonho em realidade.Nossa história tem gosto de Brasil. Tem gosto de feijoada feita com amor, de luta vencida em família, de recomeço em tempos difíceis e de crescimento construído passo a passo."
Há quanto tempo a empresa está no mercado?,Iniciamos 11/01/2021
"Quais são as diretrizes? (Missão, visão e valores)","Planejamento Estrategico 2021/2026 Missão: Fornecer refeições com qualidade, de forma rápida, acessível e com excelente atendimento ao cliente, tornando o consumo da nossa feijoada uma experiência memorável.Visão: Ser a maior referência de delivery e de buffet de Feijoada em Salvador-BA. Valores: 
Qualidade: Compromisso inegociável com a excelência dos ingredientes e processos de produção. 
Compromisso: Dedicação em cumprir com as entregas e expectativas dos clientes e da empresa. 
Cooperação e Trabalho em Equipe: Acreditamos que o sucesso é resultado do esforço conjunto de todos. 
Lealdade e Respeito: Integridade nas relações interpessoais e com a empresa. 
Responsabilidade Social e Sustentabilidade: Consciência do nosso papel na comunidade e no meio ambiente. 
Melhoria Contínua: Busca incessante por aprimoramento em todos os processos. (*Estamos em fase de atualização para o planejamento estratégico 2027/2032, nós conseguimos alcançar todos os objetivos, em breve faremos a divulgação do novo planejamento estrategico) 
"
"Em poucas palavras, defina a sua empresa e a solução que ela entrega para o mercado:","delivery e buffet de eventos de comida brasileira, focada em entrega rápida, qualidade do produto e atendimento ao cliente, com modelo de negócio de baixo custo e grande escala, pensado para virar franquia."
Qual o momento atual da empresa?,"Estamos no momento de restruturação interna, para em 2027 estruturarmos o modelo de franquia para expansão. Atualmente somos uma empresa familiar e todas as lojas são proprias. 80% das vendas estão no ifood/99food e 20% na porta. O percentual de buffet de eventos é variavel, normalmente estão concentrados no final do ano por conta dos eventos corporativos."
"Você tem metas de performance em marketing e vendas bem definidas? Se sim, descreva abaixo:","Não temos. Antes tinhamos um contrato de exclusividade com ifood, desde julho esse contrato foi quebrado por conta de uma oferta da 99food. Sempre tivemos muita demanda por conta da visibilidade no ifood, nosso crescimento na plataforma era entre 15 a 20 %. Depois da quebra do contrato tivemos um decrescimo das vendas. Nosso objetivo é converter essas vendas para um processo proprio, porque temos clientes recorrentes, apaixonados, que buscam por nossos produtos, porem nao temos uma estrutura comercial para oferecer a qualidade que o marketplace oferece."
Qual a margem de contribuição e faturamento mensal?,margem de contribuição 10%. faturamento 150mil mensal
Qual o seu ticket médio atual?,ticket médio entre 50 a 80 reais durante a semana e 80 a 100 reais aos finais de semana
Descreva as forças da sua empresa,"Produto de alta qualidade (comida feita por minha mae, receita da familia)
Entrega rápida e foco no atendimento ao cliente
Modelo de baixo custo e grande escala
Equipe já estruturada, 7 lojas em pontos estrategicos
Dupla operação: delivery + buffet de eventos (duas fontes de receita)"
Descreva as fraquezas da sua empresa,"Gestão centralizada em uma pessoa que não tem dedicação exclusiva( por isso nesse momento esta entrando na empresa uma socia que é engenheira de produção, especialista em sistemas de gestão que irá me ajudar a mudar esse cenario, porque ela tera dedicação exclusiva)
Dependência da produção familiar (minha mae)
Processos comerciais e de marketing ainda não estruturados (sem metas claras)
Presença digital subutilizada"
Descreva as oportunidades da sua empresa aqui,"Tradição de feijoada aos sábados e domingos no Brasil (demanda recorrente previsível de combos com ticket medio mais alto) demanda de comida caseira para almoço(ticket medio baixo) durante a semana de segunda a sexta
Mercado de eventos corporativos e casamentos em crescimento
Expansão para outras capitais com o modelo de franquia
Delivery por aplicativos (iFood, etc.) como canal de escala
Diferenciação por ""premium gourmet"" em um mercado majoritariamente informal"
Descreva as ameaças a sua empresa aqui,"Concorrência de restaurantes, marmitarias e feijoadas informais a preços baixos
Oscilação de preço de insumos (carne, feijão)
Dependência de canais de delivery (taxas dos aplicativos)
Sazonalidade de eventos (meses fracos)"
"Atualmente, há alguém que faça a gestão de redes sociais  da empresa?",NÃO
PUV (Proposta Única de Valor),"entrega rápida, qualidade do produto e atendimento ao cliente"
Deixe aqui as suas referências e quem te inspira:, Me inspiro em grandes franquias: @burgerkingbr @mcdonalds_br @subwaybrasil @thebestacai Gosto de coisas autorais e criativas: @pirambeira.bar @redburger_ @pizzasupreme.br Feijoada que me inspiro: @benditafeijucaecozinha 
Sobre seu serviço / produto e público,
Sobre o que é o seu serviço?,"Comida brasileira.Fast food, delivery, congelada e para eventos. para o dia a dia e para reunião de amigos e familia."
"Para quem seu serviço é pensado? Considere:
a. Faixa de idade e momento da vida;
b. Gênero predominante (homem e mulher);
c. Motivação para compra dos serviços;
d.  Principais objeções do cliente;
e. Traços de personalidade;
f.  Qualquer outra questão relevante na vida profissional;
g. Qualquer outras questões relevantes na vida pessoal.","Faixa etária/momento de vida: adultos 25–60 anos; famílias e profissionais que valorizam refeição tradicional de qualidade; também empresas (eventos corporativos).
Gênero: sem predominância forte — famílias decidem em conjunto; mulheres costumam liderar a decisão de alimentação doméstica.
Motivação de compra: tradição da feijoada de sábado e domingo, conveniência do delivery, celebração de eventos (aniversários, confraternizações, casamentos).
Principais objeções: preço mais alto que feijoada informal, receio de qualidade na entrega (comida fria/embalagem), desconfiança sobre porção.
Traços de personalidade: consumidores que valorizam qualidade, tradição e praticidade; dispostos a pagar mais por experiência premium.
Vida profissional: profissionais sem tempo para cozinhar; empresas que contratam buffet para eventos.
Vida pessoal: famílias que querem celebrar momentos especiais sem o trabalho de cozinhar."
Quais os 5 principais problemas que seu serviço resolve?,"Falta de tempo para preparar uma feijoada completa
Dificuldade de encontrar feijoada de qualidade no delivery
Necessidade de comida de qualidade para eventos sem dor de cabeça
Entrega demorada ou comida fria (diferencial: rapidez)
Desejo de uma experiência ""premium"" em casa ou no evento"
Quais os 5 principais benefícios que seu serviço oferece?,"Feijoada carioca autêntica, feita por tradição familiar
Entrega rápida, comida quente na hora
Qualidade gourmet/premium padronizada em cada porção
Atendimento completo para eventos (buffet)
Praticidade e conveniência sem abrir mão da tradição"
O que deixa os potenciais clientes frustrados ou/e desmotivados?,"Feijoadas de delivery que chegam frias ou mal embaladas
Demora na entrega
Qualidade inconsistente entre pedidos
Porções menores que o esperado
Preço alto sem percepção clara de valor"
Quais são  as objeções que o cliente precisa superar para entender que adquirir o seu serviço é a melhor decisão que ele poderia tomar?,"""Feijoada de delivery não é tão boa quanto a de restaurante""
""É caro para o que entrega""
""Será que chega quente e no prazo?""
""Por que pagar mais que a feijoada do bairro?"""
Como você acredita que podemos quebrar cada objeção ou crença limitante apontada?,"Qualidade: provas reais (fotos, depoimentos, avaliações) + embalagem que preserva temperatura
Preço: mostrar o valor percebido (porção generosa, acompanhamentos inclusos, experiência premium)
Entrega: compromisso de tempo de entrega + rastreamento + garantia
Concorrência: comparativos claros e demonstração do diferencial gourmet"
Você tem provas reais que poderemos usar mostrando os benefícios do serviço ou depoimentos de clientes?,sim. avaliações do ifood
Haverá alguma possibilidade de ofertas especiais?,sim. penso que durante a semana podemos oferecer ofertas diarias. pratos novos mensais conforme datas comemorativas e finais de semana foco em kits
Há serviços concorrentes no mercado? Cite quais e nomes dos concorrentes,sim. @feijoadavipsalvador @feijoadadacelma @santafeijucasalvador @feijoadadajessicabuffet @buffetrosebatista @feijoadacariocasalvador @feijoadaporreta @feijaodanegasu @feijoart @navarandadelivery @casadirosafeijoadaeafins @feijoadadasmeninas @feijoadadarita @feijoadaporreta @feijoadacariocasalvador @cozinhadamari.ssa @rainhadafeijoadaoficial @feijoadaporanaabade @baopetiscaria Franquia: @feijoadanuubalde @beangobrasil
Por que o seu serviço será melhor que os serviços dos concorrentes? O que somente o seu serviço entrega?,"Modelo premium gourmet em mercado majoritariamente informal
Velocidade de entrega como compromisso central
Qualidade consistente (produção própria, controle familiar)
Dupla operação (delivery + eventos) um só fornecedor para tudo"
Quais são os diferenciais dos serviços concorrentes que chamam sua atenção?,no ifood a maioria copia o que a gente faz. mas preciso estudar mais os concorrentes
Sobre o seu processo comercial,
"Existe recorrência de compra? Se sim, de quanto em quanto tempo?",sim. semanal
"Caso haja um histórico de ofertas validadas, descreva-as abaixo:","kit+refrigerante+sobremesa/ kits para 2,4, 6 e 8 pessoas"
Como funciona o seu Processo de Vendas atual?,somente marketplace
Qual a estrutura do seu time comercial? ,supervisora adm
Qual a sua nota de avaliação da maturidade comercial do time?,nao temos maturidade comercial
"Uma vez prospectado, quanto tempo leva, em média, para o seu lead comprar o seu produto/serviço?",nao tenho essa informação
Peculiaridades Sazonais,"Feijoada: pico de vendas aos finais de semana, meses melhores novembro, dezembro e fevereiro
Eventos: alta em final de ano, casamentos (maio–outubro), confraternizações de empresa (nov–dez) e festas juninas
Meses fracos: março costuma ser mais fraco"
Fazem o acompanhamento de métricas comerciais através de algum tipo de relatório?,"faço um acompanhamento, principalmente das metricas do ifood. mas sem a devida frequencia"